-- MySQL dump 10.13  Distrib 8.0.28, for Win64 (x86_64)
--
-- Host: localhost    Database: uptask_mvc
-- ------------------------------------------------------
-- Server version	5.7.36-log

/*!40101 SET @OLD_CHARACTER_SET_CLIENT=@@CHARACTER_SET_CLIENT */;
/*!40101 SET @OLD_CHARACTER_SET_RESULTS=@@CHARACTER_SET_RESULTS */;
/*!40101 SET @OLD_COLLATION_CONNECTION=@@COLLATION_CONNECTION */;
/*!50503 SET NAMES utf8 */;
/*!40103 SET @OLD_TIME_ZONE=@@TIME_ZONE */;
/*!40103 SET TIME_ZONE='+00:00' */;
/*!40014 SET @OLD_UNIQUE_CHECKS=@@UNIQUE_CHECKS, UNIQUE_CHECKS=0 */;
/*!40014 SET @OLD_FOREIGN_KEY_CHECKS=@@FOREIGN_KEY_CHECKS, FOREIGN_KEY_CHECKS=0 */;
/*!40101 SET @OLD_SQL_MODE=@@SQL_MODE, SQL_MODE='NO_AUTO_VALUE_ON_ZERO' */;
/*!40111 SET @OLD_SQL_NOTES=@@SQL_NOTES, SQL_NOTES=0 */;

--
-- Table structure for table `proyectos`
--

DROP TABLE IF EXISTS `proyectos`;
/*!40101 SET @saved_cs_client     = @@character_set_client */;
/*!50503 SET character_set_client = utf8mb4 */;
CREATE TABLE `proyectos` (
  `id` int(11) NOT NULL AUTO_INCREMENT,
  `proyecto` varchar(60) DEFAULT NULL,
  `url` varchar(32) DEFAULT NULL,
  `propietarioId` int(11) DEFAULT NULL,
  PRIMARY KEY (`id`),
  KEY `id_idx` (`propietarioId`),
  CONSTRAINT `proyectos_ibfk_1` FOREIGN KEY (`propietarioId`) REFERENCES `usuarios` (`id`) ON DELETE SET NULL ON UPDATE SET NULL
) ENGINE=InnoDB AUTO_INCREMENT=25 DEFAULT CHARSET=utf8;
/*!40101 SET character_set_client = @saved_cs_client */;

--
-- Dumping data for table `proyectos`
--

LOCK TABLES `proyectos` WRITE;
/*!40000 ALTER TABLE `proyectos` DISABLE KEYS */;
INSERT INTO `proyectos` VALUES (14,'Tienda virtual ','4032c1dcd03b08f21b095218cc88fc12',8),(15,'API a shopify','8d2dfb2e431bb370ae03a2f25730231a',8),(16,'Diseñar logo','0a51dcb100c2a51f61cd2e31bc500f3f',8),(24,'App en flutter','4309cae2532e1d09ecf2f335d3df86fa',8);
/*!40000 ALTER TABLE `proyectos` ENABLE KEYS */;
UNLOCK TABLES;
/*!40103 SET TIME_ZONE=@OLD_TIME_ZONE */;

/*!40101 SET SQL_MODE=@OLD_SQL_MODE */;
/*!40014 SET FOREIGN_KEY_CHECKS=@OLD_FOREIGN_KEY_CHECKS */;
/*!40014 SET UNIQUE_CHECKS=@OLD_UNIQUE_CHECKS */;
/*!40101 SET CHARACTER_SET_CLIENT=@OLD_CHARACTER_SET_CLIENT */;
/*!40101 SET CHARACTER_SET_RESULTS=@OLD_CHARACTER_SET_RESULTS */;
/*!40101 SET COLLATION_CONNECTION=@OLD_COLLATION_CONNECTION */;
/*!40111 SET SQL_NOTES=@OLD_SQL_NOTES */;

-- Dump completed on 2023-03-16 11:44:49




-- MySQL dump 10.13  Distrib 8.0.28, for Win64 (x86_64)
--
-- Host: localhost    Database: uptask_mvc
-- ------------------------------------------------------
-- Server version	5.7.36-log

/*!40101 SET @OLD_CHARACTER_SET_CLIENT=@@CHARACTER_SET_CLIENT */;
/*!40101 SET @OLD_CHARACTER_SET_RESULTS=@@CHARACTER_SET_RESULTS */;
/*!40101 SET @OLD_COLLATION_CONNECTION=@@COLLATION_CONNECTION */;
/*!50503 SET NAMES utf8 */;
/*!40103 SET @OLD_TIME_ZONE=@@TIME_ZONE */;
/*!40103 SET TIME_ZONE='+00:00' */;
/*!40014 SET @OLD_UNIQUE_CHECKS=@@UNIQUE_CHECKS, UNIQUE_CHECKS=0 */;
/*!40014 SET @OLD_FOREIGN_KEY_CHECKS=@@FOREIGN_KEY_CHECKS, FOREIGN_KEY_CHECKS=0 */;
/*!40101 SET @OLD_SQL_MODE=@@SQL_MODE, SQL_MODE='NO_AUTO_VALUE_ON_ZERO' */;
/*!40111 SET @OLD_SQL_NOTES=@@SQL_NOTES, SQL_NOTES=0 */;

--
-- Table structure for table `usuarios`
--

DROP TABLE IF EXISTS `usuarios`;
/*!40101 SET @saved_cs_client     = @@character_set_client */;
/*!50503 SET character_set_client = utf8mb4 */;
CREATE TABLE `usuarios` (
  `id` int(11) NOT NULL AUTO_INCREMENT,
  `nombre` varchar(30) CHARACTER SET utf8 DEFAULT NULL,
  `email` varchar(30) CHARACTER SET utf8 DEFAULT NULL,
  `password` varchar(60) CHARACTER SET utf8 DEFAULT NULL,
  `token` varchar(15) CHARACTER SET utf8 DEFAULT NULL,
  `confirmado` tinyint(1) DEFAULT NULL,
  PRIMARY KEY (`id`)
) ENGINE=InnoDB AUTO_INCREMENT=10 DEFAULT CHARSET=latin1;
/*!40101 SET character_set_client = @saved_cs_client */;

--
-- Dumping data for table `usuarios`
--

LOCK TABLES `usuarios` WRITE;
/*!40000 ALTER TABLE `usuarios` DISABLE KEYS */;
INSERT INTO `usuarios` VALUES (8,' Aarón ','aaron@aaron.com','$2y$10$OWwtblm3nYa0rMqr6artVeGFdANNe1HErfcxESQi1LzuG8PxbX4V2','',1),(9,'Eduardo','correo2@correo.com','$2y$10$7CxO84UNxLPp4dDdUVU1t.KH3nG/COY15NkrSze9CeBSsujpM2zVS','',1);
/*!40000 ALTER TABLE `usuarios` ENABLE KEYS */;
UNLOCK TABLES;
/*!40103 SET TIME_ZONE=@OLD_TIME_ZONE */;

/*!40101 SET SQL_MODE=@OLD_SQL_MODE */;
/*!40014 SET FOREIGN_KEY_CHECKS=@OLD_FOREIGN_KEY_CHECKS */;
/*!40014 SET UNIQUE_CHECKS=@OLD_UNIQUE_CHECKS */;
/*!40101 SET CHARACTER_SET_CLIENT=@OLD_CHARACTER_SET_CLIENT */;
/*!40101 SET CHARACTER_SET_RESULTS=@OLD_CHARACTER_SET_RESULTS */;
/*!40101 SET COLLATION_CONNECTION=@OLD_COLLATION_CONNECTION */;
/*!40111 SET SQL_NOTES=@OLD_SQL_NOTES */;

-- Dump completed on 2023-03-16 11:44:50





-- MySQL dump 10.13  Distrib 8.0.28, for Win64 (x86_64)
--
-- Host: localhost    Database: uptask_mvc
-- ------------------------------------------------------
-- Server version	5.7.36-log

/*!40101 SET @OLD_CHARACTER_SET_CLIENT=@@CHARACTER_SET_CLIENT */;
/*!40101 SET @OLD_CHARACTER_SET_RESULTS=@@CHARACTER_SET_RESULTS */;
/*!40101 SET @OLD_COLLATION_CONNECTION=@@COLLATION_CONNECTION */;
/*!50503 SET NAMES utf8 */;
/*!40103 SET @OLD_TIME_ZONE=@@TIME_ZONE */;
/*!40103 SET TIME_ZONE='+00:00' */;
/*!40014 SET @OLD_UNIQUE_CHECKS=@@UNIQUE_CHECKS, UNIQUE_CHECKS=0 */;
/*!40014 SET @OLD_FOREIGN_KEY_CHECKS=@@FOREIGN_KEY_CHECKS, FOREIGN_KEY_CHECKS=0 */;
/*!40101 SET @OLD_SQL_MODE=@@SQL_MODE, SQL_MODE='NO_AUTO_VALUE_ON_ZERO' */;
/*!40111 SET @OLD_SQL_NOTES=@@SQL_NOTES, SQL_NOTES=0 */;

--
-- Table structure for table `tareas`
--

DROP TABLE IF EXISTS `tareas`;
/*!40101 SET @saved_cs_client     = @@character_set_client */;
/*!50503 SET character_set_client = utf8mb4 */;
CREATE TABLE `tareas` (
  `id` int(11) NOT NULL AUTO_INCREMENT,
  `nombre` varchar(60) DEFAULT NULL,
  `estado` tinyint(4) DEFAULT NULL,
  `proyectoId` int(11) DEFAULT NULL,
  PRIMARY KEY (`id`),
  KEY `id_idx` (`proyectoId`),
  CONSTRAINT `tareas_ibfk_1` FOREIGN KEY (`proyectoId`) REFERENCES `proyectos` (`id`) ON DELETE SET NULL ON UPDATE SET NULL
) ENGINE=InnoDB AUTO_INCREMENT=63 DEFAULT CHARSET=utf8;
/*!40101 SET character_set_client = @saved_cs_client */;

--
-- Dumping data for table `tareas`
--

LOCK TABLES `tareas` WRITE;
/*!40000 ALTER TABLE `tareas` DISABLE KEYS */;
INSERT INTO `tareas` VALUES (1,'Configurar cuenta de PayPal',0,14),(3,'Investigar Hosting',1,14),(4,'Elegir tema de woocomerce',0,14),(12,'Configurar plugins',0,14),(17,'Elegir tema',0,15),(18,'Buscar plantillas',0,15),(19,'investigar liquid',0,15),(20,'Buscar diseños',0,16),(21,'Elegir tipografía',0,16),(61,'Buscar implementar',0,14),(62,'una nueva tarea',0,14);
/*!40000 ALTER TABLE `tareas` ENABLE KEYS */;
UNLOCK TABLES;
/*!40103 SET TIME_ZONE=@OLD_TIME_ZONE */;

/*!40101 SET SQL_MODE=@OLD_SQL_MODE */;
/*!40014 SET FOREIGN_KEY_CHECKS=@OLD_FOREIGN_KEY_CHECKS */;
/*!40014 SET UNIQUE_CHECKS=@OLD_UNIQUE_CHECKS */;
/*!40101 SET CHARACTER_SET_CLIENT=@OLD_CHARACTER_SET_CLIENT */;
/*!40101 SET CHARACTER_SET_RESULTS=@OLD_CHARACTER_SET_RESULTS */;
/*!40101 SET COLLATION_CONNECTION=@OLD_COLLATION_CONNECTION */;
/*!40111 SET SQL_NOTES=@OLD_SQL_NOTES */;

-- Dump completed on 2023-03-16 11:44:50



